timestamp,presence_label,head_pose_label,eye_gaze_label,final_state
2026-01-31 19:15:52,PRESENT,DISTRACTED,NOT_CALIBRATED,DISTRACTED
2026-01-31 19:15:53,PRESENT,DISTRACTED,NOT_CALIBRATED,DISTRACTED
2026-01-31 19:15:54,PRESENT,DISTRACTED,NOT_CALIBRATED,DISTRACTED
2026-01-31 19:15:55,PRESENT,DISTRACTED,NOT_CALIBRATED,DISTRACTED
2026-01-31 19:15:56,PRESENT,DISTRACTED,NOT_CALIBRATED,DISTRACTED
2026-01-31 19:15:57,PRESENT,DISTRACTED,NOT_CALIBRATED,DISTRACTED
2026-01-31 19:15:58,PRESENT,DISTRACTED,NOT_CALIBRATED,DISTRACTED
2026-01-31 19:16:00,PRESENT,DISTRACTED,NOT_CALIBRATED,DISTRACTED
2026-01-31 19:16:01,PRESENT,DISTRACTED,NOT_CALIBRATED,DISTRACTED
2026-01-31 19:16:02,PRESENT,DISTRACTED,NOT_CALIBRATED,DISTRACTED
2026-01-31 19:16:03,PRESENT,NO_FACE,NOT_CALIBRATED,DISTRACTED
2026-01-31 19:16:04,PRESENT,NO_FACE,NOT_CALIBRATED,DISTRACTED
2026-01-31 19:16:05,PRESENT,NO_FACE,NOT_CALIBRATED,DISTRACTED
2026-01-31 19:16:06,PRESENT,NO_FACE,NOT_CALIBRATED,DISTRACTED
2026-01-31 19:16:07,PRESENT,NO_FACE,NOT_CALIBRATED,DISTRACTED
2026-01-31 19:16:08,PRESENT,DISTRACTED,NOT_CALIBRATED,DISTRACTED
2026-01-31 19:16:09,PRESENT,NO_FACE,NOT_CALIBRATED,DISTRACTED
2026-01-31 19:16:10,PRESENT,NO_FACE,NOT_CALIBRATED,DISTRACTED
2026-01-31 19:16:11,PRESENT,NO_FACE,NOT_CALIBRATED,DISTRACTED
2026-01-31 19:16:12,PRESENT,DISTRACTED,NOT_CALIBRATED,DISTRACTED
2026-01-31 19:16:13,PRESENT,DISTRACTED,NOT_CALIBRATED,DISTRACTED
2026-01-31 19:16:14,PRESENT,DISTRACTED,NOT_CALIBRATED,DISTRACTED
2026-01-31 19:16:15,PRESENT,DISTRACTED,NOT_CALIBRATED,DISTRACTED
2026-01-31 19:16:16,PRESENT,ATTENTIVE,NOT_CALIBRATED,DISTRACTED
2026-01-31 19:16:17,PRESENT,ATTENTIVE,NOT_CALIBRATED,DISTRACTED
2026-01-31 19:16:18,PRESENT,ATTENTIVE,NOT_CALIBRATED,DISTRACTED
2026-01-31 19:16:19,PRESENT,ATTENTIVE,NOT_CALIBRATED,DISTRACTED
2026-01-31 19:16:20,PRESENT,ATTENTIVE,NOT_CALIBRATED,DISTRACTED
2026-01-31 19:16:21,PRESENT,ATTENTIVE,NOT_CALIBRATED,DISTRACTED
2026-01-31 19:16:22,PRESENT,ATTENTIVE,NOT_CALIBRATED,DISTRACTED
2026-01-31 19:16:23,PRESENT,ATTENTIVE,NOT_CALIBRATED,DISTRACTED
2026-01-31 19:16:24,PRESENT,ATTENTIVE,NOT_CALIBRATED,DISTRACTED
2026-01-31 19:16:25,PRESENT,ATTENTIVE,NOT_CALIBRATED,DISTRACTED
2026-01-31 19:16:26,PRESENT,ATTENTIVE,NOT_CALIBRATED,DISTRACTED
2026-01-31 19:16:27,PRESENT,DISTRACTED,NOT_CALIBRATED,DISTRACTED
2026-01-31 19:16:28,PRESENT,ATTENTIVE,NOT_CALIBRATED,DISTRACTED
2026-01-31 19:16:29,PRESENT,ATTENTIVE,NOT_CALIBRATED,DISTRACTED
2026-01-31 19:16:30,PRESENT,ATTENTIVE,NOT_CALIBRATED,DISTRACTED
2026-01-31 19:16:31,PRESENT,ATTENTIVE,NOT_CALIBRATED,DISTRACTED
2026-01-31 19:16:32,PRESENT,ATTENTIVE,attentive Eyes,ATTENTIVE
2026-01-31 19:16:33,PRESENT,ATTENTIVE,attentive Eyes,ATTENTIVE
2026-01-31 19:16:34,PRESENT,ATTENTIVE,attentive Eyes,ATTENTIVE
2026-01-31 19:16:35,PRESENT,ATTENTIVE,attentive Eyes,ATTENTIVE
2026-01-31 19:16:36,PRESENT,ATTENTIVE,attentive Eyes,ATTENTIVE
2026-01-31 19:16:37,PRESENT,ATTENTIVE,attentive Eyes,ATTENTIVE
2026-01-31 19:16:38,PRESENT,NO_FACE,NOT_CALIBRATED,DISTRACTED
2026-01-31 19:16:39,PRESENT,NO_FACE,NOT_CALIBRATED,DISTRACTED
2026-01-31 19:16:40,AWAY,NO_FACE,NOT_CALIBRATED,AWAY
2026-01-31 19:16:41,AWAY,NO_FACE,NOT_CALIBRATED,AWAY
2026-01-31 19:16:42,AWAY,NO_FACE,NOT_CALIBRATED,AWAY
2026-01-31 19:16:43,AWAY,NO_FACE,NOT_CALIBRATED,AWAY
2026-01-31 19:16:44,AWAY,NO_FACE,NOT_CALIBRATED,AWAY
2026-01-31 19:16:45,PRESENT,ATTENTIVE,attentive Eyes,ATTENTIVE
2026-01-31 19:16:46,PRESENT,ATTENTIVE,attentive Eyes,ATTENTIVE
2026-01-31 19:16:47,PRESENT,ATTENTIVE,Distracted Eyes,DISTRACTED
2026-01-31 19:16:48,PRESENT,ATTENTIVE,Distracted Eyes,DISTRACTED
2026-01-31 19:16:49,PRESENT,ATTENTIVE,attentive Eyes,ATTENTIVE
2026-01-31 19:16:50,PRESENT,ATTENTIVE,attentive Eyes,ATTENTIVE
2026-01-31 19:16:51,PRESENT,ATTENTIVE,attentive Eyes,ATTENTIVE
2026-01-31 19:16:53,PRESENT,ATTENTIVE,attentive Eyes,ATTENTIVE
2026-01-31 19:16:54,PRESENT,ATTENTIVE,attentive Eyes,ATTENTIVE
2026-01-31 19:16:55,PRESENT,DISTRACTED,NOT_CALIBRATED,DISTRACTED
2026-01-31 19:16:56,PRESENT,DISTRACTED,NOT_CALIBRATED,DISTRACTED
2026-01-31 19:16:57,PRESENT,DISTRACTED,NOT_CALIBRATED,DISTRACTED
2026-01-31 19:16:58,PRESENT,ATTENTIVE,attentive Eyes,ATTENTIVE
2026-01-31 19:16:59,PRESENT,ATTENTIVE,attentive Eyes,ATTENTIVE
2026-01-31 19:17:00,PRESENT,NO_FACE,NOT_CALIBRATED,DISTRACTED
2026-01-31 19:17:01,PRESENT,ATTENTIVE,attentive Eyes,ATTENTIVE
2026-01-31 19:17:02,PRESENT,ATTENTIVE,attentive Eyes,ATTENTIVE
2026-01-31 19:17:03,PRESENT,ATTENTIVE,attentive Eyes,ATTENTIVE
2026-01-31 19:17:04,PRESENT,ATTENTIVE,attentive Eyes,ATTENTIVE
2026-01-31 19:17:05,PRESENT,ATTENTIVE,attentive Eyes,ATTENTIVE
2026-01-31 19:17:06,PRESENT,ATTENTIVE,attentive Eyes,ATTENTIVE
2026-01-31 19:17:07,PRESENT,ATTENTIVE,attentive Eyes,ATTENTIVE
2026-01-31 19:21:14,PRESENT,DISTRACTED,NOT_CALIBRATED,DISTRACTED,0.0,0.34,0.68
2026-01-31 19:21:15,PRESENT,ATTENTIVE,NOT_CALIBRATED,DISTRACTED,0.0,1.36,0.68
2026-01-31 19:21:16,PRESENT,ATTENTIVE,NOT_CALIBRATED,DISTRACTED,0.0,2.37,0.68
2026-01-31 19:21:17,PRESENT,ATTENTIVE,NOT_CALIBRATED,DISTRACTED,0.0,3.39,0.68
2026-01-31 19:21:18,PRESENT,ATTENTIVE,NOT_CALIBRATED,DISTRACTED,0.0,4.42,0.68
2026-01-31 19:21:19,PRESENT,ATTENTIVE,attentive Eyes,ATTENTIVE,0.33,5.11,0.68
2026-01-31 19:21:20,PRESENT,ATTENTIVE,Distracted Eyes,DISTRACTED,1.23,5.22,0.68
2026-01-31 19:21:21,PRESENT,ATTENTIVE,Distracted Eyes,DISTRACTED,1.23,6.26,0.68
2026-01-31 19:21:22,PRESENT,ATTENTIVE,attentive Eyes,ATTENTIVE,2.24,6.28,0.68
2026-01-31 19:21:23,PRESENT,ATTENTIVE,attentive Eyes,ATTENTIVE,3.26,6.28,0.68
2026-01-31 19:21:24,PRESENT,ATTENTIVE,attentive Eyes,ATTENTIVE,4.24,6.31,0.68
2026-01-31 19:21:25,PRESENT,ATTENTIVE,attentive Eyes,ATTENTIVE,5.24,6.31,0.68
2026-01-31 19:21:26,PRESENT,ATTENTIVE,Distracted Eyes,DISTRACTED,5.69,6.87,0.68
2026-01-31 19:21:27,PRESENT,NO_FACE,NOT_CALIBRATED,DISTRACTED,5.69,7.88,0.68
2026-01-31 19:21:28,PRESENT,DISTRACTED,NOT_CALIBRATED,DISTRACTED,5.69,8.9,0.68
2026-01-31 19:21:29,PRESENT,DISTRACTED,NOT_CALIBRATED,DISTRACTED,5.69,9.93,0.68
2026-01-31 19:21:30,PRESENT,DISTRACTED,NOT_CALIBRATED,DISTRACTED,5.69,10.95,0.68
2026-01-31 19:21:31,PRESENT,DISTRACTED,NOT_CALIBRATED,DISTRACTED,5.69,11.96,0.68
2026-01-31 19:21:32,PRESENT,DISTRACTED,NOT_CALIBRATED,DISTRACTED,5.69,12.98,0.68
2026-01-31 19:21:33,PRESENT,NO_FACE,NOT_CALIBRATED,DISTRACTED,5.69,14.0,0.68
2026-01-31 19:21:34,PRESENT,DISTRACTED,NOT_CALIBRATED,DISTRACTED,5.69,15.01,0.68
2026-01-31 19:21:35,PRESENT,DISTRACTED,NOT_CALIBRATED,DISTRACTED,5.69,16.05,0.68
2026-01-31 19:21:36,PRESENT,ATTENTIVE,attentive Eyes,ATTENTIVE,5.95,16.8,0.68
2026-01-31 19:21:37,PRESENT,ATTENTIVE,attentive Eyes,ATTENTIVE,6.97,16.8,0.68
2026-01-31 19:21:38,PRESENT,ATTENTIVE,attentive Eyes,ATTENTIVE,8.02,16.8,0.68
2026-01-31 19:21:39,PRESENT,ATTENTIVE,attentive Eyes,ATTENTIVE,9.04,16.8,0.68
2026-01-31 19:21:40,PRESENT,ATTENTIVE,attentive Eyes,ATTENTIVE,10.05,16.8,0.68
2026-01-31 19:21:41,PRESENT,ATTENTIVE,attentive Eyes,ATTENTIVE,11.06,16.8,0.68
2026-01-31 19:21:42,PRESENT,ATTENTIVE,attentive Eyes,ATTENTIVE,12.09,16.8,0.68
2026-01-31 19:21:43,PRESENT,ATTENTIVE,attentive Eyes,ATTENTIVE,13.11,16.8,0.68
2026-01-31 19:21:45,PRESENT,ATTENTIVE,attentive Eyes,ATTENTIVE,14.12,16.8,0.68
2026-01-31 19:21:46,PRESENT,DISTRACTED,NOT_CALIBRATED,DISTRACTED,14.8,17.13,0.68
2026-01-31 19:21:47,AWAY,NO_FACE,NOT_CALIBRATED,AWAY,14.8,18.12,0.72
2026-01-31 19:21:48,AWAY,NO_FACE,NOT_CALIBRATED,AWAY,14.8,18.12,1.72
2026-01-31 19:21:49,AWAY,NO_FACE,NOT_CALIBRATED,AWAY,14.8,18.12,2.74
2026-01-31 19:21:50,AWAY,NO_FACE,NOT_CALIBRATED,AWAY,14.8,18.12,3.8
2026-01-31 19:21:51,PRESENT,DISTRACTED,NOT_CALIBRATED,DISTRACTED,14.8,18.48,4.47
2026-01-31 19:21:52,PRESENT,ATTENTIVE,attentive Eyes,ATTENTIVE,15.17,19.12,4.47
2026-01-31 19:21:53,PRESENT,ATTENTIVE,attentive Eyes,ATTENTIVE,16.19,19.12,4.47
2026-01-31 19:21:54,PRESENT,ATTENTIVE,attentive Eyes,ATTENTIVE,17.21,19.12,4.47
2026-01-31 19:21:55,PRESENT,ATTENTIVE,attentive Eyes,ATTENTIVE,18.22,19.12,4.47
2026-01-31 19:21:56,PRESENT,ATTENTIVE,attentive Eyes,ATTENTIVE,19.23,19.12,4.47
2026-01-31 19:21:57,PRESENT,ATTENTIVE,attentive Eyes,ATTENTIVE,20.26,19.12,4.47
2026-01-31 19:21:58,PRESENT,ATTENTIVE,attentive Eyes,ATTENTIVE,21.28,19.12,4.47
2026-01-31 19:21:59,PRESENT,ATTENTIVE,attentive Eyes,ATTENTIVE,22.3,19.12,4.47
2026-01-31 19:22:00,PRESENT,ATTENTIVE,attentive Eyes,ATTENTIVE,23.31,19.12,4.47
2026-01-31 19:22:01,PRESENT,ATTENTIVE,attentive Eyes,ATTENTIVE,24.34,19.12,4.47
2026-01-31 19:22:02,PRESENT,ATTENTIVE,attentive Eyes,ATTENTIVE,25.36,19.12,4.47
2026-01-31 19:22:03,PRESENT,ATTENTIVE,attentive Eyes,ATTENTIVE,26.37,19.12,4.47
2026-01-31 19:22:04,PRESENT,ATTENTIVE,attentive Eyes,ATTENTIVE,27.33,19.18,4.47
2026-01-31 19:22:05,PRESENT,ATTENTIVE,attentive Eyes,ATTENTIVE,28.34,19.18,4.47
2026-01-31 19:22:06,PRESENT,ATTENTIVE,attentive Eyes,ATTENTIVE,29.36,19.18,4.47
2026-01-31 19:22:07,PRESENT,ATTENTIVE,attentive Eyes,ATTENTIVE,30.39,19.18,4.47
2026-01-31 19:22:08,PRESENT,ATTENTIVE,attentive Eyes,ATTENTIVE,31.41,19.18,4.47
2026-01-31 19:22:09,PRESENT,ATTENTIVE,attentive Eyes,ATTENTIVE,32.42,19.18,4.47
2026-01-31 19:22:10,AWAY,NO_FACE,NOT_CALIBRATED,AWAY,32.42,19.18,5.53
2026-01-31 19:22:11,AWAY,NO_FACE,NOT_CALIBRATED,AWAY,32.42,19.18,6.54
2026-01-31 19:22:12,AWAY,NO_FACE,NOT_CALIBRATED,AWAY,32.42,19.18,7.56
2026-01-31 19:22:13,AWAY,NO_FACE,NOT_CALIBRATED,AWAY,32.42,19.18,8.58
2026-01-31 19:22:14,AWAY,NO_FACE,NOT_CALIBRATED,AWAY,32.42,19.18,9.59
2026-01-31 19:22:15,AWAY,NO_FACE,NOT_CALIBRATED,AWAY,32.42,19.18,10.62
2026-01-31 19:22:16,AWAY,NO_FACE,NOT_CALIBRATED,AWAY,32.42,19.18,11.62
2026-01-31 19:22:17,PRESENT,ATTENTIVE,attentive Eyes,ATTENTIVE,32.76,19.18,12.32
2026-01-31 19:22:18,PRESENT,ATTENTIVE,attentive Eyes,ATTENTIVE,33.78,19.18,12.32
2026-01-31 19:22:19,PRESENT,ATTENTIVE,attentive Eyes,ATTENTIVE,34.79,19.18,12.32
2026-01-31 19:22:20,PRESENT,ATTENTIVE,attentive Eyes,ATTENTIVE,35.57,19.39,12.32
2026-01-31 19:22:21,PRESENT,DISTRACTED,NOT_CALIBRATED,DISTRACTED,35.9,20.12,12.32
2026-01-31 19:22:22,PRESENT,DISTRACTED,NOT_CALIBRATED,DISTRACTED,35.9,21.14,12.32
2026-01-31 19:22:23,PRESENT,DISTRACTED,NOT_CALIBRATED,DISTRACTED,35.9,22.15,12.32
2026-01-31 19:22:24,PRESENT,DISTRACTED,NOT_CALIBRATED,DISTRACTED,35.9,23.17,12.32
2026-01-31 19:22:25,PRESENT,ATTENTIVE,attentive Eyes,ATTENTIVE,36.23,23.85,12.32
2026-01-31 19:22:26,PRESENT,ATTENTIVE,attentive Eyes,ATTENTIVE,37.27,23.85,12.32
2026-01-31 19:22:27,PRESENT,ATTENTIVE,attentive Eyes,ATTENTIVE,38.28,23.85,12.32
2026-01-31 19:22:28,PRESENT,ATTENTIVE,attentive Eyes,ATTENTIVE,39.29,23.85,12.32
2026-01-31 19:22:29,PRESENT,ATTENTIVE,attentive Eyes,ATTENTIVE,40.31,23.85,12.32
2026-01-31 19:22:30,PRESENT,ATTENTIVE,attentive Eyes,ATTENTIVE,41.35,23.85,12.32
2026-01-31 19:22:31,PRESENT,ATTENTIVE,attentive Eyes,ATTENTIVE,42.38,23.85,12.32
2026-01-31 19:22:32,PRESENT,DISTRACTED,NOT_CALIBRATED,DISTRACTED,43.24,24.0,12.32
2026-01-31 19:22:33,PRESENT,DISTRACTED,NOT_CALIBRATED,DISTRACTED,43.24,25.01,12.32
2026-01-31 19:22:35,PRESENT,DISTRACTED,NOT_CALIBRATED,DISTRACTED,43.24,26.04,12.32
2026-01-31 19:22:36,PRESENT,DISTRACTED,NOT_CALIBRATED,DISTRACTED,43.24,27.06,12.32
2026-01-31 19:22:37,PRESENT,DISTRACTED,NOT_CALIBRATED,DISTRACTED,43.24,28.07,12.32
2026-01-31 19:22:38,PRESENT,DISTRACTED,NOT_CALIBRATED,DISTRACTED,43.24,29.09,12.32
2026-01-31 19:22:39,PRESENT,DISTRACTED,NOT_CALIBRATED,DISTRACTED,43.24,30.11,12.32
2026-01-31 19:22:40,PRESENT,DISTRACTED,NOT_CALIBRATED,DISTRACTED,43.24,31.12,12.32
2026-01-31 19:22:41,PRESENT,DISTRACTED,NOT_CALIBRATED,DISTRACTED,43.24,32.15,12.32
2026-01-31 19:22:42,PRESENT,DISTRACTED,NOT_CALIBRATED,DISTRACTED,43.24,33.2,12.32
2026-01-31 19:22:43,PRESENT,DISTRACTED,NOT_CALIBRATED,DISTRACTED,43.24,34.21,12.32
2026-01-31 19:22:44,PRESENT,ATTENTIVE,attentive Eyes,ATTENTIVE,43.67,34.81,12.32
2026-01-31 19:22:45,PRESENT,ATTENTIVE,attentive Eyes,ATTENTIVE,44.7,34.81,12.32
2026-01-31 19:22:46,PRESENT,ATTENTIVE,attentive Eyes,ATTENTIVE,45.7,34.81,12.32
2026-01-31 19:22:47,PRESENT,DISTRACTED,NOT_CALIBRATED,DISTRACTED,46.42,35.11,12.32
2026-01-31 19:22:48,PRESENT,DISTRACTED,NOT_CALIBRATED,DISTRACTED,46.42,36.15,12.32
2026-01-31 19:22:49,PRESENT,DISTRACTED,NOT_CALIBRATED,DISTRACTED,46.42,37.17,12.32
2026-01-31 19:22:50,PRESENT,DISTRACTED,NOT_CALIBRATED,DISTRACTED,46.42,38.2,12.32
2026-01-31 19:22:51,PRESENT,ATTENTIVE,attentive Eyes,ATTENTIVE,46.79,38.84,12.32
2026-01-31 19:22:52,PRESENT,ATTENTIVE,attentive Eyes,ATTENTIVE,47.82,38.84,12.32
2026-01-31 19:22:53,PRESENT,ATTENTIVE,attentive Eyes,ATTENTIVE,48.85,38.84,12.32
2026-01-31 19:22:54,PRESENT,ATTENTIVE,attentive Eyes,ATTENTIVE,49.85,38.84,12.32
2026-01-31 19:22:55,PRESENT,DISTRACTED,NOT_CALIBRATED,DISTRACTED,50.6,39.11,12.32
2026-01-31 19:22:56,PRESENT,ATTENTIVE,attentive Eyes,ATTENTIVE,50.79,39.95,12.32
2026-01-31 19:22:57,PRESENT,ATTENTIVE,attentive Eyes,ATTENTIVE,51.8,39.95,12.32
2026-01-31 19:22:58,PRESENT,ATTENTIVE,attentive Eyes,ATTENTIVE,52.82,39.95,12.32
2026-01-31 19:22:59,PRESENT,ATTENTIVE,Distracted Eyes,DISTRACTED,53.81,39.99,12.32
2026-01-31 19:23:00,PRESENT,ATTENTIVE,attentive Eyes,ATTENTIVE,54.6,40.23,12.32
2026-01-31 19:23:01,PRESENT,ATTENTIVE,attentive Eyes,ATTENTIVE,54.9,40.96,12.32
2026-01-31 19:23:02,PRESENT,ATTENTIVE,attentive Eyes,ATTENTIVE,55.39,41.5,12.32
2026-01-31 19:23:03,PRESENT,ATTENTIVE,attentive Eyes,ATTENTIVE,56.39,41.53,12.32
2026-01-31 19:23:04,PRESENT,ATTENTIVE,attentive Eyes,ATTENTIVE,57.41,41.53,12.32
2026-01-31 19:23:05,PRESENT,ATTENTIVE,attentive Eyes,ATTENTIVE,58.41,41.53,12.32
2026-01-31 19:23:06,PRESENT,ATTENTIVE,attentive Eyes,ATTENTIVE,59.44,41.53,12.32
2026-01-31 19:23:07,PRESENT,ATTENTIVE,attentive Eyes,ATTENTIVE,60.45,41.53,12.32
2026-01-31 19:23:08,PRESENT,ATTENTIVE,attentive Eyes,ATTENTIVE,61.47,41.53,12.32
2026-01-31 19:23:09,PRESENT,ATTENTIVE,attentive Eyes,ATTENTIVE,62.5,41.53,12.32
2026-01-31 19:23:10,PRESENT,DISTRACTED,NOT_CALIBRATED,DISTRACTED,63.02,42.02,12.32
2026-01-31 19:23:11,PRESENT,DISTRACTED,NOT_CALIBRATED,DISTRACTED,63.02,43.04,12.32
2026-01-31 19:23:12,PRESENT,ATTENTIVE,attentive Eyes,ATTENTIVE,63.97,43.11,12.32
2026-01-31 19:23:13,PRESENT,ATTENTIVE,attentive Eyes,ATTENTIVE,64.98,43.11,12.32
2026-01-31 19:23:14,PRESENT,ATTENTIVE,attentive Eyes,ATTENTIVE,65.99,43.11,12.32
2026-01-31 19:23:15,PRESENT,DISTRACTED,NOT_CALIBRATED,DISTRACTED,66.31,43.8,12.32
2026-01-31 19:23:16,PRESENT,DISTRACTED,NOT_CALIBRATED,DISTRACTED,66.31,44.84,12.32
2026-01-31 19:23:17,PRESENT,DISTRACTED,NOT_CALIBRATED,DISTRACTED,66.31,45.86,12.32
2026-01-31 19:23:18,PRESENT,ATTENTIVE,attentive Eyes,ATTENTIVE,66.38,46.82,12.32
2026-01-31 19:23:19,PRESENT,ATTENTIVE,attentive Eyes,ATTENTIVE,67.39,46.82,12.32
2026-01-31 19:33:04,PRESENT,DISTRACTED,NOT_CALIBRATED,DISTRACTED,0.0,0.33,0.68
2026-01-31 19:33:05,PRESENT,ATTENTIVE,NOT_CALIBRATED,DISTRACTED,0.0,1.36,0.68
2026-01-31 19:33:06,PRESENT,ATTENTIVE,NOT_CALIBRATED,DISTRACTED,0.0,2.37,0.68
2026-01-31 19:33:07,PRESENT,ATTENTIVE,NOT_CALIBRATED,DISTRACTED,0.0,3.39,0.68
2026-01-31 19:33:08,PRESENT,DISTRACTED,NOT_CALIBRATED,DISTRACTED,0.0,4.41,0.68
2026-01-31 19:33:09,PRESENT,ATTENTIVE,NOT_CALIBRATED,DISTRACTED,0.0,5.44,0.68
2026-01-31 19:33:10,PRESENT,ATTENTIVE,NOT_CALIBRATED,DISTRACTED,0.0,6.45,0.68
2026-01-31 19:33:11,PRESENT,DISTRACTED,NOT_CALIBRATED,DISTRACTED,0.0,7.47,0.68
2026-01-31 19:33:12,PRESENT,DISTRACTED,NOT_CALIBRATED,DISTRACTED,0.0,8.48,0.68
2026-01-31 19:33:13,PRESENT,ATTENTIVE,NOT_CALIBRATED,DISTRACTED,0.0,9.51,0.68
2026-01-31 19:33:14,PRESENT,ATTENTIVE,NOT_CALIBRATED,DISTRACTED,0.0,10.54,0.68
2026-01-31 19:33:15,PRESENT,ATTENTIVE,NOT_CALIBRATED,DISTRACTED,0.0,11.57,0.68
2026-01-31 19:33:16,PRESENT,ATTENTIVE,attentive Eyes,ATTENTIVE,0.59,12.0,0.68
2026-01-31 19:33:17,PRESENT,DISTRACTED,NOT_CALIBRATED,DISTRACTED,1.19,12.41,0.68
2026-01-31 19:33:18,PRESENT,DISTRACTED,NOT_CALIBRATED,DISTRACTED,1.19,13.43,0.68
2026-01-31 19:33:19,PRESENT,DISTRACTED,NOT_CALIBRATED,DISTRACTED,1.19,14.46,0.68
2026-01-31 19:33:20,PRESENT,DISTRACTED,NOT_CALIBRATED,DISTRACTED,1.19,15.48,0.68
2026-01-31 19:33:21,PRESENT,ATTENTIVE,attentive Eyes,ATTENTIVE,1.36,16.32,0.68
2026-01-31 19:33:22,PRESENT,ATTENTIVE,attentive Eyes,ATTENTIVE,2.38,16.32,0.68
2026-01-31 19:33:23,PRESENT,ATTENTIVE,attentive Eyes,ATTENTIVE,3.4,16.32,0.68
2026-01-31 19:33:24,PRESENT,ATTENTIVE,attentive Eyes,ATTENTIVE,4.41,16.32,0.68
2026-01-31 19:33:25,PRESENT,ATTENTIVE,attentive Eyes,ATTENTIVE,5.44,16.32,0.68
2026-01-31 19:33:26,PRESENT,DISTRACTED,NOT_CALIBRATED,DISTRACTED,6.02,16.75,0.68
2026-01-31 19:33:27,PRESENT,DISTRACTED,NOT_CALIBRATED,DISTRACTED,6.02,17.77,0.68
2026-01-31 19:33:28,PRESENT,DISTRACTED,NOT_CALIBRATED,DISTRACTED,6.02,18.81,0.68
2026-01-31 19:33:29,PRESENT,DISTRACTED,NOT_CALIBRATED,DISTRACTED,6.02,19.83,0.68
2026-01-31 19:33:30,PRESENT,DISTRACTED,NOT_CALIBRATED,DISTRACTED,6.02,20.85,0.68
2026-01-31 19:33:31,PRESENT,DISTRACTED,NOT_CALIBRATED,DISTRACTED,6.02,21.87,0.68
2026-01-31 19:33:32,PRESENT,DISTRACTED,NOT_CALIBRATED,DISTRACTED,6.02,22.89,0.68
2026-01-31 19:33:33,PRESENT,DISTRACTED,NOT_CALIBRATED,DISTRACTED,6.02,23.89,0.68
2026-01-31 19:33:34,PRESENT,DISTRACTED,NOT_CALIBRATED,DISTRACTED,6.02,24.92,0.68
2026-01-31 19:33:35,PRESENT,DISTRACTED,NOT_CALIBRATED,DISTRACTED,6.02,25.95,0.68
2026-01-31 19:33:36,PRESENT,DISTRACTED,NOT_CALIBRATED,DISTRACTED,6.02,26.99,0.68
2026-01-31 19:33:37,PRESENT,DISTRACTED,NOT_CALIBRATED,DISTRACTED,6.02,28.01,0.68
2026-01-31 19:33:38,PRESENT,ATTENTIVE,attentive Eyes,ATTENTIVE,6.71,28.34,0.68
2026-01-31 19:33:39,PRESENT,DISTRACTED,NOT_CALIBRATED,DISTRACTED,7.01,29.07,0.68
2026-01-31 19:33:40,PRESENT,DISTRACTED,NOT_CALIBRATED,DISTRACTED,7.01,30.08,0.68
2026-01-31 19:33:41,PRESENT,DISTRACTED,NOT_CALIBRATED,DISTRACTED,7.01,31.1,0.68
2026-01-31 19:33:42,PRESENT,DISTRACTED,NOT_CALIBRATED,DISTRACTED,7.01,32.12,0.68
2026-01-31 19:33:43,PRESENT,DISTRACTED,NOT_CALIBRATED,DISTRACTED,7.01,33.13,0.68
2026-01-31 19:33:45,PRESENT,DISTRACTED,NOT_CALIBRATED,DISTRACTED,7.01,34.17,0.68
2026-01-31 19:33:46,PRESENT,NO_FACE,NOT_CALIBRATED,DISTRACTED,7.01,35.19,0.68
2026-01-31 19:33:47,PRESENT,NO_FACE,NOT_CALIBRATED,DISTRACTED,7.01,36.22,0.68
2026-01-31 19:33:48,AWAY,NO_FACE,NOT_CALIBRATED,AWAY,7.01,36.36,1.54
2026-01-31 19:33:49,PRESENT,DISTRACTED,NOT_CALIBRATED,DISTRACTED,7.01,37.22,1.7
2026-01-31 19:33:50,PRESENT,DISTRACTED,NOT_CALIBRATED,DISTRACTED,7.01,38.23,1.7
2026-01-31 19:33:51,PRESENT,DISTRACTED,NOT_CALIBRATED,DISTRACTED,7.01,39.25,1.7
2026-01-31 19:33:52,PRESENT,DISTRACTED,NOT_CALIBRATED,DISTRACTED,7.01,40.28,1.7
2026-01-31 19:33:53,PRESENT,DISTRACTED,NOT_CALIBRATED,DISTRACTED,7.01,41.3,1.7
2026-01-31 19:33:54,PRESENT,DISTRACTED,NOT_CALIBRATED,DISTRACTED,7.01,42.33,1.7
2026-01-31 19:33:55,PRESENT,DISTRACTED,NOT_CALIBRATED,DISTRACTED,7.01,43.33,1.7
2026-01-31 19:33:56,PRESENT,DISTRACTED,NOT_CALIBRATED,DISTRACTED,7.01,44.37,1.7
2026-01-31 19:33:57,PRESENT,DISTRACTED,NOT_CALIBRATED,DISTRACTED,7.01,45.4,1.7
2026-01-31 19:33:58,PRESENT,DISTRACTED,NOT_CALIBRATED,DISTRACTED,7.01,46.44,1.7
2026-01-31 19:33:59,PRESENT,DISTRACTED,NOT_CALIBRATED,DISTRACTED,7.01,47.46,1.7
2026-01-31 19:34:00,PRESENT,DISTRACTED,NOT_CALIBRATED,DISTRACTED,7.01,48.49,1.7
2026-01-31 19:34:01,PRESENT,DISTRACTED,NOT_CALIBRATED,DISTRACTED,7.01,49.51,1.7
2026-01-31 19:34:02,PRESENT,DISTRACTED,NOT_CALIBRATED,DISTRACTED,7.01,50.52,1.7
2026-01-31 19:34:03,PRESENT,DISTRACTED,NOT_CALIBRATED,DISTRACTED,7.01,51.52,1.7
2026-01-31 19:34:04,PRESENT,DISTRACTED,NOT_CALIBRATED,DISTRACTED,7.01,52.52,1.7
2026-01-31 19:34:05,PRESENT,DISTRACTED,NOT_CALIBRATED,DISTRACTED,7.01,53.54,1.7
2026-01-31 19:34:06,PRESENT,DISTRACTED,NOT_CALIBRATED,DISTRACTED,7.01,54.57,1.7
2026-01-31 19:34:07,PRESENT,DISTRACTED,NOT_CALIBRATED,DISTRACTED,7.01,55.61,1.7
2026-01-31 19:34:08,PRESENT,DISTRACTED,NOT_CALIBRATED,DISTRACTED,7.01,56.63,1.7
2026-01-31 19:34:09,PRESENT,DISTRACTED,NOT_CALIBRATED,DISTRACTED,7.01,57.66,1.7
2026-01-31 19:34:10,PRESENT,DISTRACTED,NOT_CALIBRATED,DISTRACTED,7.01,58.66,1.7
2026-01-31 19:34:11,PRESENT,DISTRACTED,NOT_CALIBRATED,DISTRACTED,7.01,59.69,1.7
2026-01-31 19:34:12,PRESENT,DISTRACTED,NOT_CALIBRATED,DISTRACTED,7.01,60.71,1.7
2026-01-31 19:34:13,PRESENT,DISTRACTED,NOT_CALIBRATED,DISTRACTED,7.01,61.74,1.7
2026-01-31 19:34:14,PRESENT,DISTRACTED,NOT_CALIBRATED,DISTRACTED,7.01,62.75,1.7
2026-01-31 19:34:15,PRESENT,DISTRACTED,NOT_CALIBRATED,DISTRACTED,7.01,63.77,1.7
2026-01-31 19:34:16,PRESENT,DISTRACTED,NOT_CALIBRATED,DISTRACTED,7.01,64.81,1.7
2026-01-31 19:34:17,PRESENT,DISTRACTED,NOT_CALIBRATED,DISTRACTED,7.01,65.83,1.7
2026-01-31 19:34:18,PRESENT,DISTRACTED,NOT_CALIBRATED,DISTRACTED,7.01,66.84,1.7
2026-01-31 19:34:19,PRESENT,DISTRACTED,NOT_CALIBRATED,DISTRACTED,7.01,67.86,1.7
2026-01-31 19:34:20,PRESENT,DISTRACTED,NOT_CALIBRATED,DISTRACTED,7.01,68.89,1.7
2026-01-31 19:34:21,PRESENT,DISTRACTED,NOT_CALIBRATED,DISTRACTED,7.01,69.89,1.7
2026-01-31 19:34:22,PRESENT,DISTRACTED,NOT_CALIBRATED,DISTRACTED,7.01,70.92,1.7
2026-01-31 19:34:23,PRESENT,DISTRACTED,NOT_CALIBRATED,DISTRACTED,7.01,71.94,1.7
2026-01-31 19:34:24,PRESENT,DISTRACTED,NOT_CALIBRATED,DISTRACTED,7.01,72.97,1.7
2026-01-31 19:34:25,PRESENT,DISTRACTED,NOT_CALIBRATED,DISTRACTED,7.01,74.01,1.7
2026-01-31 19:34:26,PRESENT,DISTRACTED,NOT_CALIBRATED,DISTRACTED,7.01,75.01,1.7
2026-01-31 19:34:27,PRESENT,ATTENTIVE,attentive Eyes,ATTENTIVE,7.76,75.3,1.7
2026-01-31 19:34:28,PRESENT,ATTENTIVE,attentive Eyes,ATTENTIVE,8.78,75.3,1.7
2026-01-31 19:34:29,PRESENT,ATTENTIVE,attentive Eyes,ATTENTIVE,9.79,75.3,1.7
2026-01-31 19:34:30,PRESENT,ATTENTIVE,attentive Eyes,ATTENTIVE,10.81,75.3,1.7
2026-01-31 19:34:32,PRESENT,ATTENTIVE,attentive Eyes,ATTENTIVE,11.83,75.3,1.7
2026-01-31 19:34:33,PRESENT,ATTENTIVE,attentive Eyes,ATTENTIVE,12.62,75.53,1.7
2026-01-31 19:34:34,PRESENT,DISTRACTED,NOT_CALIBRATED,DISTRACTED,13.01,76.16,1.7
2026-01-31 19:34:35,PRESENT,DISTRACTED,NOT_CALIBRATED,DISTRACTED,13.01,77.18,1.7
2026-01-31 19:34:36,PRESENT,DISTRACTED,NOT_CALIBRATED,DISTRACTED,13.01,78.19,1.7
2026-01-31 19:34:37,PRESENT,DISTRACTED,NOT_CALIBRATED,DISTRACTED,13.01,79.25,1.7
2026-01-31 19:34:38,PRESENT,DISTRACTED,NOT_CALIBRATED,DISTRACTED,13.01,80.27,1.7
2026-01-31 19:34:39,PRESENT,DISTRACTED,NOT_CALIBRATED,DISTRACTED,13.01,81.28,1.7
2026-01-31 19:34:40,PRESENT,DISTRACTED,NOT_CALIBRATED,DISTRACTED,13.01,82.3,1.7
2026-01-31 19:34:41,PRESENT,ATTENTIVE,attentive Eyes,ATTENTIVE,13.58,82.74,1.7
2026-01-31 19:34:42,PRESENT,ATTENTIVE,attentive Eyes,ATTENTIVE,14.61,82.74,1.7
2026-01-31 19:34:43,PRESENT,ATTENTIVE,attentive Eyes,ATTENTIVE,15.63,82.74,1.7
2026-01-31 19:34:44,PRESENT,ATTENTIVE,attentive Eyes,ATTENTIVE,16.64,82.74,1.7
2026-01-31 19:34:45,PRESENT,ATTENTIVE,attentive Eyes,ATTENTIVE,17.67,82.74,1.7
2026-01-31 19:34:46,PRESENT,ATTENTIVE,attentive Eyes,ATTENTIVE,18.73,82.74,1.7
2026-01-31 19:34:47,PRESENT,ATTENTIVE,attentive Eyes,ATTENTIVE,19.75,82.74,1.7
2026-01-31 19:34:48,PRESENT,ATTENTIVE,Distracted Eyes,DISTRACTED,20.5,82.99,1.7
2026-01-31 19:34:49,PRESENT,ATTENTIVE,attentive Eyes,ATTENTIVE,21.43,83.08,1.7
2026-01-31 19:34:50,PRESENT,ATTENTIVE,attentive Eyes,ATTENTIVE,22.1,83.45,1.7
2026-01-31 19:34:51,PRESENT,ATTENTIVE,attentive Eyes,ATTENTIVE,22.36,84.22,1.7
2026-01-31 19:34:52,PRESENT,ATTENTIVE,attentive Eyes,ATTENTIVE,23.37,84.22,1.7
2026-01-31 19:34:53,PRESENT,ATTENTIVE,attentive Eyes,ATTENTIVE,24.39,84.22,1.7
2026-01-31 19:34:54,PRESENT,ATTENTIVE,attentive Eyes,ATTENTIVE,25.43,84.22,1.7
2026-01-31 19:34:55,PRESENT,ATTENTIVE,attentive Eyes,ATTENTIVE,26.46,84.22,1.7
2026-01-31 19:34:56,PRESENT,ATTENTIVE,attentive Eyes,ATTENTIVE,27.48,84.22,1.7
2026-01-31 19:34:57,PRESENT,DISTRACTED,NOT_CALIBRATED,DISTRACTED,28.25,84.45,1.7
2026-01-31 19:34:58,PRESENT,DISTRACTED,NOT_CALIBRATED,DISTRACTED,28.25,85.48,1.7
2026-01-31 19:34:59,PRESENT,DISTRACTED,NOT_CALIBRATED,DISTRACTED,28.25,86.5,1.7
2026-01-31 19:35:00,PRESENT,ATTENTIVE,attentive Eyes,ATTENTIVE,28.75,87.02,1.7
2026-01-31 19:35:01,PRESENT,ATTENTIVE,attentive Eyes,ATTENTIVE,29.76,87.02,1.7
2026-01-31 19:35:02,PRESENT,ATTENTIVE,attentive Eyes,ATTENTIVE,30.78,87.02,1.7
2026-01-31 19:35:03,PRESENT,ATTENTIVE,attentive Eyes,ATTENTIVE,31.8,87.02,1.7
2026-01-31 19:35:04,PRESENT,ATTENTIVE,Distracted Eyes,DISTRACTED,32.02,87.82,1.7
2026-01-31 19:35:05,PRESENT,ATTENTIVE,attentive Eyes,ATTENTIVE,32.31,88.56,1.7
2026-01-31 19:35:06,PRESENT,ATTENTIVE,Distracted Eyes,DISTRACTED,33.28,88.63,1.7
2026-01-31 19:35:07,PRESENT,ATTENTIVE,attentive Eyes,ATTENTIVE,33.71,89.22,1.7
2026-01-31 19:35:08,PRESENT,ATTENTIVE,attentive Eyes,ATTENTIVE,34.72,89.22,1.7
2026-01-31 19:35:09,PRESENT,ATTENTIVE,Distracted Eyes,DISTRACTED,35.65,89.32,1.7
2026-01-31 19:35:10,PRESENT,ATTENTIVE,attentive Eyes,ATTENTIVE,36.58,89.41,1.7
2026-01-31 19:35:11,PRESENT,ATTENTIVE,attentive Eyes,ATTENTIVE,37.6,89.41,1.7
2026-01-31 19:35:12,PRESENT,ATTENTIVE,attentive Eyes,ATTENTIVE,38.61,89.41,1.7
2026-01-31 19:35:13,PRESENT,DISTRACTED,NOT_CALIBRATED,DISTRACTED,38.68,90.36,1.7
2026-01-31 19:35:14,PRESENT,ATTENTIVE,Distracted Eyes,DISTRACTED,39.05,91.0,1.7
2026-01-31 19:35:15,PRESENT,ATTENTIVE,Distracted Eyes,DISTRACTED,39.79,91.29,1.7
2026-01-31 19:35:16,PRESENT,ATTENTIVE,attentive Eyes,ATTENTIVE,40.15,91.96,1.7
2026-01-31 19:35:18,PRESENT,ATTENTIVE,Distracted Eyes,DISTRACTED,40.31,92.83,1.7
2026-01-31 19:35:19,PRESENT,ATTENTIVE,Distracted Eyes,DISTRACTED,40.31,93.85,1.7
2026-01-31 19:35:20,PRESENT,ATTENTIVE,attentive Eyes,ATTENTIVE,40.53,94.65,1.7
2026-01-31 19:35:21,PRESENT,ATTENTIVE,attentive Eyes,ATTENTIVE,41.43,94.78,1.7
2026-01-31 19:35:22,PRESENT,ATTENTIVE,attentive Eyes,ATTENTIVE,42.44,94.78,1.7
2026-01-31 19:35:23,PRESENT,ATTENTIVE,attentive Eyes,ATTENTIVE,43.47,94.78,1.7
2026-01-31 19:35:24,PRESENT,ATTENTIVE,attentive Eyes,ATTENTIVE,44.5,94.78,1.7
2026-01-31 19:35:25,PRESENT,ATTENTIVE,attentive Eyes,ATTENTIVE,45.54,94.78,1.7
2026-01-31 19:35:26,PRESENT,ATTENTIVE,Distracted Eyes,DISTRACTED,46.17,95.17,1.7
2026-01-31 19:35:27,PRESENT,ATTENTIVE,Distracted Eyes,DISTRACTED,46.37,96.0,1.7
2026-01-31 19:35:28,PRESENT,ATTENTIVE,attentive Eyes,ATTENTIVE,47.1,96.28,1.7
2026-01-31 19:35:29,PRESENT,DISTRACTED,NOT_CALIBRATED,DISTRACTED,47.67,96.73,1.7
2026-01-31 19:35:30,PRESENT,DISTRACTED,NOT_CALIBRATED,DISTRACTED,47.67,97.76,1.7
2026-01-31 19:35:31,PRESENT,ATTENTIVE,Distracted Eyes,DISTRACTED,47.67,98.78,1.7
2026-01-31 19:35:32,PRESENT,ATTENTIVE,Distracted Eyes,DISTRACTED,47.67,99.82,1.7
2026-01-31 19:35:33,PRESENT,ATTENTIVE,Distracted Eyes,DISTRACTED,47.67,100.84,1.7
2026-01-31 19:35:34,PRESENT,ATTENTIVE,Distracted Eyes,DISTRACTED,47.67,101.85,1.7
2026-01-31 19:35:35,PRESENT,ATTENTIVE,attentive Eyes,ATTENTIVE,48.46,102.08,1.7
2026-01-31 19:35:36,PRESENT,ATTENTIVE,attentive Eyes,ATTENTIVE,49.5,102.08,1.7
2026-01-31 19:35:37,PRESENT,ATTENTIVE,attentive Eyes,ATTENTIVE,50.53,102.08,1.7
2026-01-31 19:35:38,PRESENT,ATTENTIVE,attentive Eyes,ATTENTIVE,51.29,102.35,1.7
2026-01-31 19:35:39,PRESENT,ATTENTIVE,attentive Eyes,ATTENTIVE,52.32,102.35,1.7
2026-01-31 19:35:40,PRESENT,ATTENTIVE,attentive Eyes,ATTENTIVE,53.35,102.35,1.7
2026-01-31 19:35:41,PRESENT,ATTENTIVE,attentive Eyes,ATTENTIVE,54.37,102.35,1.7
2026-01-31 19:35:42,PRESENT,ATTENTIVE,attentive Eyes,ATTENTIVE,55.38,102.35,1.7
2026-01-31 19:35:43,PRESENT,ATTENTIVE,attentive Eyes,ATTENTIVE,56.41,102.35,1.7
2026-01-31 19:35:44,PRESENT,ATTENTIVE,attentive Eyes,ATTENTIVE,57.44,102.35,1.7
2026-01-31 19:35:45,PRESENT,ATTENTIVE,attentive Eyes,ATTENTIVE,58.47,102.35,1.7
2026-01-31 19:35:46,PRESENT,ATTENTIVE,attentive Eyes,ATTENTIVE,58.72,103.12,1.7
2026-01-31 19:35:47,PRESENT,ATTENTIVE,attentive Eyes,ATTENTIVE,59.73,103.12,1.7
2026-01-31 19:35:48,PRESENT,ATTENTIVE,attentive Eyes,ATTENTIVE,60.76,103.12,1.7
2026-01-31 19:35:49,PRESENT,ATTENTIVE,attentive Eyes,ATTENTIVE,61.79,103.12,1.7
2026-01-31 19:35:50,PRESENT,ATTENTIVE,attentive Eyes,ATTENTIVE,62.79,103.12,1.7
2026-01-31 19:35:51,PRESENT,ATTENTIVE,Distracted Eyes,DISTRACTED,63.76,103.18,1.7
2026-01-31 19:35:52,PRESENT,ATTENTIVE,attentive Eyes,ATTENTIVE,64.62,103.33,1.7
2026-01-31 19:35:53,PRESENT,ATTENTIVE,attentive Eyes,ATTENTIVE,65.65,103.33,1.7
2026-01-31 19:35:54,PRESENT,ATTENTIVE,attentive Eyes,ATTENTIVE,66.66,103.33,1.7
2026-01-31 19:35:55,PRESENT,ATTENTIVE,attentive Eyes,ATTENTIVE,67.68,103.33,1.7
2026-01-31 19:35:56,PRESENT,ATTENTIVE,attentive Eyes,ATTENTIVE,68.69,103.33,1.7
2026-01-31 19:35:57,PRESENT,ATTENTIVE,attentive Eyes,ATTENTIVE,69.71,103.33,1.7
2026-01-31 19:35:58,PRESENT,ATTENTIVE,attentive Eyes,ATTENTIVE,70.75,103.33,1.7
2026-01-31 19:35:59,PRESENT,ATTENTIVE,attentive Eyes,ATTENTIVE,71.78,103.33,1.7
2026-01-31 19:36:01,PRESENT,ATTENTIVE,attentive Eyes,ATTENTIVE,72.81,103.33,1.7
2026-01-31 19:36:02,PRESENT,ATTENTIVE,attentive Eyes,ATTENTIVE,73.84,103.33,1.7
2026-01-31 19:36:03,PRESENT,ATTENTIVE,attentive Eyes,ATTENTIVE,74.86,103.33,1.7
2026-01-31 19:36:04,PRESENT,ATTENTIVE,attentive Eyes,ATTENTIVE,75.89,103.33,1.7
2026-01-31 19:36:05,PRESENT,ATTENTIVE,attentive Eyes,ATTENTIVE,76.89,103.33,1.7
2026-01-31 19:36:06,PRESENT,ATTENTIVE,attentive Eyes,ATTENTIVE,77.92,103.33,1.7
2026-01-31 19:36:07,PRESENT,ATTENTIVE,attentive Eyes,ATTENTIVE,78.96,103.33,1.7
2026-01-31 19:36:08,PRESENT,ATTENTIVE,attentive Eyes,ATTENTIVE,79.98,103.33,1.7
2026-01-31 19:36:09,PRESENT,ATTENTIVE,attentive Eyes,ATTENTIVE,81.01,103.33,1.7
2026-01-31 19:36:10,PRESENT,ATTENTIVE,attentive Eyes,ATTENTIVE,81.83,103.52,1.7
2026-01-31 19:36:11,PRESENT,DISTRACTED,NOT_CALIBRATED,DISTRACTED,82.02,104.35,1.7
2026-01-31 19:36:12,PRESENT,DISTRACTED,NOT_CALIBRATED,DISTRACTED,82.02,105.37,1.7
2026-01-31 19:36:13,PRESENT,DISTRACTED,NOT_CALIBRATED,DISTRACTED,82.02,106.38,1.7
2026-01-31 19:36:14,PRESENT,DISTRACTED,NOT_CALIBRATED,DISTRACTED,82.02,107.41,1.7
2026-01-31 19:36:15,PRESENT,DISTRACTED,NOT_CALIBRATED,DISTRACTED,82.02,108.43,1.7
2026-01-31 19:36:16,PRESENT,ATTENTIVE,attentive Eyes,ATTENTIVE,82.26,109.23,1.7
2026-01-31 19:36:17,PRESENT,ATTENTIVE,attentive Eyes,ATTENTIVE,83.28,109.23,1.7
2026-01-31 19:36:18,PRESENT,ATTENTIVE,attentive Eyes,ATTENTIVE,84.32,109.23,1.7
2026-01-31 19:36:19,PRESENT,ATTENTIVE,attentive Eyes,ATTENTIVE,85.22,109.36,1.7
2026-01-31 19:36:20,PRESENT,ATTENTIVE,attentive Eyes,ATTENTIVE,85.84,109.76,1.7
2026-01-31 19:36:21,PRESENT,ATTENTIVE,attentive Eyes,ATTENTIVE,86.85,109.76,1.7
2026-01-31 19:36:22,PRESENT,ATTENTIVE,attentive Eyes,ATTENTIVE,87.87,109.76,1.7
2026-01-31 19:36:23,PRESENT,ATTENTIVE,attentive Eyes,ATTENTIVE,88.89,109.76,1.7
2026-01-31 19:36:24,PRESENT,ATTENTIVE,Distracted Eyes,DISTRACTED,89.65,110.02,1.7
2026-01-31 19:36:25,PRESENT,DISTRACTED,NOT_CALIBRATED,DISTRACTED,89.65,111.02,1.7
2026-01-31 19:36:26,PRESENT,DISTRACTED,NOT_CALIBRATED,DISTRACTED,89.65,112.03,1.7
2026-01-31 19:36:27,PRESENT,NO_FACE,NOT_CALIBRATED,DISTRACTED,89.65,113.07,1.7
2026-01-31 19:36:28,PRESENT,NO_FACE,NOT_CALIBRATED,DISTRACTED,89.65,114.1,1.7
2026-01-31 19:36:29,PRESENT,DISTRACTED,NOT_CALIBRATED,DISTRACTED,89.65,115.14,1.7
2026-01-31 19:36:30,PRESENT,DISTRACTED,NOT_CALIBRATED,DISTRACTED,89.65,116.16,1.7
2026-01-31 19:36:31,PRESENT,DISTRACTED,NOT_CALIBRATED,DISTRACTED,89.65,117.18,1.7
2026-01-31 19:36:32,PRESENT,NO_FACE,NOT_CALIBRATED,DISTRACTED,89.75,118.09,1.7
2026-01-31 19:36:33,PRESENT,NO_FACE,NOT_CALIBRATED,DISTRACTED,90.01,118.86,1.7
2026-01-31 19:36:34,PRESENT,ATTENTIVE,attentive Eyes,ATTENTIVE,90.25,119.63,1.7
2026-01-31 19:36:35,PRESENT,NO_FACE,NOT_CALIBRATED,DISTRACTED,90.39,120.5,1.7
2026-01-31 19:36:36,PRESENT,NO_FACE,NOT_CALIBRATED,DISTRACTED,90.39,121.53,1.7
2026-01-31 19:36:37,PRESENT,ATTENTIVE,attentive Eyes,ATTENTIVE,90.64,122.3,1.7
2026-01-31 19:36:38,PRESENT,ATTENTIVE,attentive Eyes,ATTENTIVE,91.66,122.3,1.7
2026-01-31 19:36:39,PRESENT,ATTENTIVE,attentive Eyes,ATTENTIVE,92.68,122.3,1.7
2026-01-31 19:36:40,PRESENT,ATTENTIVE,attentive Eyes,ATTENTIVE,93.69,122.3,1.7
2026-01-31 19:36:41,PRESENT,ATTENTIVE,attentive Eyes,ATTENTIVE,94.71,122.3,1.7
2026-01-31 19:36:42,PRESENT,ATTENTIVE,attentive Eyes,ATTENTIVE,95.75,122.3,1.7
2026-01-31 19:36:43,PRESENT,ATTENTIVE,attentive Eyes,ATTENTIVE,96.71,122.37,1.7
2026-01-31 19:36:44,PRESENT,ATTENTIVE,attentive Eyes,ATTENTIVE,97.73,122.37,1.7
2026-01-31 19:36:45,PRESENT,ATTENTIVE,attentive Eyes,ATTENTIVE,98.74,122.37,1.7
2026-01-31 19:36:47,PRESENT,ATTENTIVE,Distracted Eyes,DISTRACTED,99.57,122.56,1.7
2026-01-31 19:36:48,PRESENT,ATTENTIVE,attentive Eyes,ATTENTIVE,100.19,122.96,1.7
2026-01-31 19:36:49,PRESENT,DISTRACTED,NOT_CALIBRATED,DISTRACTED,100.83,123.33,1.7
2026-01-31 19:36:50,PRESENT,DISTRACTED,NOT_CALIBRATED,DISTRACTED,100.83,124.35,1.7
2026-01-31 19:36:51,PRESENT,DISTRACTED,NOT_CALIBRATED,DISTRACTED,100.83,125.38,1.7
2026-01-31 19:36:52,PRESENT,DISTRACTED,NOT_CALIBRATED,DISTRACTED,100.83,126.38,1.7
2026-01-31 19:36:53,PRESENT,ATTENTIVE,attentive Eyes,ATTENTIVE,101.36,126.88,1.7
2026-01-31 19:36:54,PRESENT,ATTENTIVE,Distracted Eyes,DISTRACTED,102.14,127.11,1.7
2026-01-31 19:36:55,PRESENT,ATTENTIVE,attentive Eyes,ATTENTIVE,102.35,127.93,1.7
2026-01-31 19:36:56,PRESENT,ATTENTIVE,attentive Eyes,ATTENTIVE,103.37,127.93,1.7
2026-01-31 19:36:57,PRESENT,ATTENTIVE,attentive Eyes,ATTENTIVE,104.37,127.93,1.7
2026-01-31 19:36:58,PRESENT,ATTENTIVE,attentive Eyes,ATTENTIVE,105.4,127.93,1.7
2026-01-31 19:36:59,PRESENT,ATTENTIVE,attentive Eyes,ATTENTIVE,106.43,127.93,1.7
2026-01-31 19:37:00,PRESENT,ATTENTIVE,Distracted Eyes,DISTRACTED,107.39,127.99,1.7
2026-01-31 19:37:01,PRESENT,ATTENTIVE,attentive Eyes,ATTENTIVE,108.3,128.09,1.7
2026-01-31 19:37:02,PRESENT,ATTENTIVE,attentive Eyes,ATTENTIVE,109.11,128.31,1.7
2026-01-31 19:37:03,PRESENT,ATTENTIVE,attentive Eyes,ATTENTIVE,110.03,128.39,1.7
2026-01-31 19:37:04,PRESENT,DISTRACTED,NOT_CALIBRATED,DISTRACTED,110.72,128.73,1.7
2026-01-31 19:37:05,PRESENT,DISTRACTED,NOT_CALIBRATED,DISTRACTED,110.72,129.75,1.7
2026-01-31 19:37:06,PRESENT,ATTENTIVE,attentive Eyes,ATTENTIVE,111.18,130.29,1.7
2026-01-31 19:37:07,PRESENT,ATTENTIVE,attentive Eyes,ATTENTIVE,111.63,130.87,1.7
2026-01-31 19:37:08,PRESENT,ATTENTIVE,attentive Eyes,ATTENTIVE,112.64,130.87,1.7
2026-01-31 19:37:09,PRESENT,ATTENTIVE,attentive Eyes,ATTENTIVE,113.66,130.87,1.7
2026-01-31 19:37:10,PRESENT,ATTENTIVE,attentive Eyes,ATTENTIVE,114.68,130.87,1.7
2026-01-31 19:37:11,PRESENT,ATTENTIVE,attentive Eyes,ATTENTIVE,115.71,130.87,1.7
2026-01-31 19:37:12,PRESENT,ATTENTIVE,attentive Eyes,ATTENTIVE,116.72,130.87,1.7
2026-01-31 19:37:13,PRESENT,ATTENTIVE,attentive Eyes,ATTENTIVE,117.76,130.87,1.7
2026-01-31 19:37:14,PRESENT,ATTENTIVE,attentive Eyes,ATTENTIVE,118.79,130.87,1.7
2026-01-31 19:37:15,PRESENT,ATTENTIVE,attentive Eyes,ATTENTIVE,119.81,130.87,1.7
2026-01-31 19:37:16,PRESENT,ATTENTIVE,attentive Eyes,ATTENTIVE,120.82,130.87,1.7
2026-01-31 19:37:17,PRESENT,ATTENTIVE,attentive Eyes,ATTENTIVE,121.84,130.87,1.7
2026-01-31 19:37:18,PRESENT,DISTRACTED,NOT_CALIBRATED,DISTRACTED,122.58,131.15,1.7
2026-01-31 19:37:19,PRESENT,DISTRACTED,NOT_CALIBRATED,DISTRACTED,122.58,132.16,1.7
2026-01-31 19:37:20,PRESENT,DISTRACTED,NOT_CALIBRATED,DISTRACTED,122.58,133.18,1.7
2026-01-31 19:37:21,PRESENT,ATTENTIVE,attentive Eyes,ATTENTIVE,123.12,133.68,1.7
2026-01-31 19:37:22,PRESENT,ATTENTIVE,attentive Eyes,ATTENTIVE,124.14,133.68,1.7
2026-01-31 19:37:23,PRESENT,ATTENTIVE,attentive Eyes,ATTENTIVE,125.17,133.68,1.7
2026-01-31 19:37:24,PRESENT,ATTENTIVE,attentive Eyes,ATTENTIVE,126.18,133.68,1.7
2026-01-31 19:37:25,PRESENT,ATTENTIVE,attentive Eyes,ATTENTIVE,127.2,133.68,1.7
2026-01-31 19:37:26,PRESENT,ATTENTIVE,attentive Eyes,ATTENTIVE,128.22,133.68,1.7
2026-01-31 19:37:27,PRESENT,ATTENTIVE,attentive Eyes,ATTENTIVE,129.23,133.68,1.7
2026-01-31 19:37:28,PRESENT,ATTENTIVE,attentive Eyes,ATTENTIVE,130.26,133.68,1.7
2026-01-31 19:37:29,PRESENT,ATTENTIVE,attentive Eyes,ATTENTIVE,131.28,133.68,1.7
2026-01-31 19:37:30,PRESENT,ATTENTIVE,attentive Eyes,ATTENTIVE,132.29,133.68,1.7
2026-01-31 19:37:31,PRESENT,ATTENTIVE,attentive Eyes,ATTENTIVE,133.31,133.68,1.7
2026-01-31 19:37:32,PRESENT,ATTENTIVE,attentive Eyes,ATTENTIVE,134.32,133.68,1.7
2026-01-31 19:37:33,PRESENT,ATTENTIVE,attentive Eyes,ATTENTIVE,135.33,133.68,1.7
2026-01-31 19:37:34,PRESENT,ATTENTIVE,attentive Eyes,ATTENTIVE,136.34,133.68,1.7
2026-01-31 19:37:35,PRESENT,ATTENTIVE,attentive Eyes,ATTENTIVE,137.36,133.68,1.7
2026-01-31 19:37:36,PRESENT,ATTENTIVE,attentive Eyes,ATTENTIVE,138.37,133.68,1.7
2026-01-31 19:37:37,PRESENT,ATTENTIVE,attentive Eyes,ATTENTIVE,139.4,133.68,1.7
2026-01-31 19:37:38,PRESENT,ATTENTIVE,attentive Eyes,ATTENTIVE,140.4,133.68,1.7
2026-01-31 19:37:39,PRESENT,ATTENTIVE,attentive Eyes,ATTENTIVE,141.43,133.68,1.7
2026-01-31 19:37:41,PRESENT,ATTENTIVE,attentive Eyes,ATTENTIVE,142.45,133.68,1.7
2026-01-31 19:37:42,PRESENT,ATTENTIVE,attentive Eyes,ATTENTIVE,143.46,133.68,1.7
2026-01-31 19:37:43,PRESENT,ATTENTIVE,attentive Eyes,ATTENTIVE,144.49,133.68,1.7
2026-01-31 19:37:44,PRESENT,ATTENTIVE,attentive Eyes,ATTENTIVE,145.52,133.68,1.7
2026-01-31 19:37:45,PRESENT,ATTENTIVE,attentive Eyes,ATTENTIVE,146.54,133.68,1.7
2026-01-31 19:37:46,PRESENT,ATTENTIVE,attentive Eyes,ATTENTIVE,147.58,133.68,1.7
2026-01-31 19:37:47,PRESENT,ATTENTIVE,attentive Eyes,ATTENTIVE,148.6,133.68,1.7
2026-01-31 20:16:41,PRESENT,DISTRACTED,NOT_CALIBRATED,DISTRACTED,0.0,0.33,0.68
2026-01-31 20:16:43,PRESENT,ATTENTIVE,NOT_CALIBRATED,DISTRACTED,0.0,1.77,0.68
2026-01-31 20:16:44,PRESENT,ATTENTIVE,NOT_CALIBRATED,DISTRACTED,0.0,2.77,0.68
2026-01-31 20:16:45,PRESENT,ATTENTIVE,NOT_CALIBRATED,DISTRACTED,0.0,3.84,0.68
2026-01-31 20:16:46,PRESENT,ATTENTIVE,NOT_CALIBRATED,DISTRACTED,0.0,4.89,0.68
2026-01-31 20:16:47,PRESENT,ATTENTIVE,NOT_CALIBRATED,DISTRACTED,0.0,5.91,0.68
2026-01-31 20:16:48,PRESENT,ATTENTIVE,NOT_CALIBRATED,DISTRACTED,0.0,6.91,0.68
2026-01-31 20:16:49,PRESENT,ATTENTIVE,NOT_CALIBRATED,DISTRACTED,0.0,7.96,0.68
2026-01-31 20:16:50,PRESENT,ATTENTIVE,NOT_CALIBRATED,DISTRACTED,0.0,9.02,0.68
2026-01-31 20:16:51,PRESENT,ATTENTIVE,NOT_CALIBRATED,DISTRACTED,0.0,10.04,0.68
2026-01-31 20:16:52,PRESENT,ATTENTIVE,NOT_CALIBRATED,DISTRACTED,0.0,11.06,0.68
2026-01-31 20:16:53,PRESENT,ATTENTIVE,NOT_CALIBRATED,DISTRACTED,0.0,12.06,0.68
2026-01-31 20:16:54,PRESENT,ATTENTIVE,NOT_CALIBRATED,DISTRACTED,0.0,13.09,0.68
2026-01-31 20:16:55,PRESENT,ATTENTIVE,NOT_CALIBRATED,DISTRACTED,0.0,14.1,0.68
2026-01-31 20:16:56,PRESENT,ATTENTIVE,NOT_CALIBRATED,DISTRACTED,0.0,15.14,0.68
2026-01-31 20:16:57,PRESENT,ATTENTIVE,NOT_CALIBRATED,DISTRACTED,0.0,16.19,0.68
2026-01-31 20:16:58,PRESENT,ATTENTIVE,NOT_CALIBRATED,DISTRACTED,0.0,17.2,0.68
2026-01-31 20:16:59,PRESENT,ATTENTIVE,NOT_CALIBRATED,DISTRACTED,0.0,18.22,0.68
2026-01-31 20:17:00,PRESENT,ATTENTIVE,NOT_CALIBRATED,DISTRACTED,0.0,19.25,0.68
2026-01-31 20:17:01,PRESENT,ATTENTIVE,NOT_CALIBRATED,DISTRACTED,0.0,20.32,0.68
2026-01-31 20:17:02,PRESENT,ATTENTIVE,NOT_CALIBRATED,DISTRACTED,0.0,21.33,0.68
2026-01-31 20:17:03,PRESENT,ATTENTIVE,NOT_CALIBRATED,DISTRACTED,0.0,22.33,0.68
2026-01-31 20:17:04,PRESENT,ATTENTIVE,NOT_CALIBRATED,DISTRACTED,0.0,23.36,0.68
2026-01-31 20:17:05,PRESENT,ATTENTIVE,NOT_CALIBRATED,DISTRACTED,0.0,24.37,0.68
2026-01-31 20:17:06,PRESENT,ATTENTIVE,NOT_CALIBRATED,DISTRACTED,0.0,25.42,0.68
2026-01-31 20:17:07,PRESENT,ATTENTIVE,NOT_CALIBRATED,DISTRACTED,0.0,26.42,0.68
2026-01-31 20:17:08,PRESENT,ATTENTIVE,NOT_CALIBRATED,DISTRACTED,0.0,27.44,0.68
2026-01-31 20:17:09,PRESENT,ATTENTIVE,NOT_CALIBRATED,DISTRACTED,0.0,28.45,0.68
2026-01-31 20:17:10,PRESENT,ATTENTIVE,NOT_CALIBRATED,DISTRACTED,0.0,29.46,0.68
2026-01-31 20:17:11,PRESENT,ATTENTIVE,NOT_CALIBRATED,DISTRACTED,0.0,30.49,0.68
2026-01-31 20:17:12,PRESENT,ATTENTIVE,NOT_CALIBRATED,DISTRACTED,0.0,31.52,0.68
2026-01-31 20:17:13,PRESENT,ATTENTIVE,NOT_CALIBRATED,DISTRACTED,0.0,32.57,0.68
2026-01-31 20:20:59,PRESENT,DISTRACTED,NOT_CALIBRATED,DISTRACTED,0.0,0.33,0.7
2026-01-31 20:21:00,PRESENT,ATTENTIVE,NOT_CALIBRATED,DISTRACTED,0.0,1.39,0.7
2026-01-31 20:21:01,PRESENT,ATTENTIVE,NOT_CALIBRATED,DISTRACTED,0.0,2.43,0.7
2026-01-31 20:21:02,PRESENT,ATTENTIVE,NOT_CALIBRATED,DISTRACTED,0.0,3.49,0.7
2026-01-31 20:21:03,PRESENT,ATTENTIVE,NOT_CALIBRATED,DISTRACTED,0.0,4.49,0.7
2026-01-31 20:21:04,PRESENT,ATTENTIVE,NOT_CALIBRATED,DISTRACTED,0.0,5.53,0.7
2026-01-31 20:21:06,PRESENT,ATTENTIVE,NOT_CALIBRATED,DISTRACTED,0.0,7.65,0.7
2026-01-31 20:21:08,PRESENT,ATTENTIVE,NOT_CALIBRATED,DISTRACTED,0.0,8.7,0.7
2026-01-31 20:21:09,PRESENT,ATTENTIVE,attentive Eyes,ATTENTIVE,1.02,8.7,0.7
2026-01-31 20:21:10,PRESENT,ATTENTIVE,attentive Eyes,ATTENTIVE,2.05,8.7,0.7
2026-01-31 20:21:11,PRESENT,ATTENTIVE,attentive Eyes,ATTENTIVE,3.07,8.7,0.7
2026-01-31 20:21:12,PRESENT,ATTENTIVE,attentive Eyes,ATTENTIVE,4.08,8.7,0.7
2026-01-31 20:21:13,PRESENT,ATTENTIVE,attentive Eyes,ATTENTIVE,5.1,8.7,0.7
2026-01-31 20:21:14,PRESENT,ATTENTIVE,attentive Eyes,ATTENTIVE,6.13,8.7,0.7
2026-01-31 20:21:15,PRESENT,ATTENTIVE,attentive Eyes,ATTENTIVE,7.15,8.7,0.7
2026-01-31 20:21:16,PRESENT,ATTENTIVE,attentive Eyes,ATTENTIVE,8.16,8.7,0.7
2026-01-31 20:21:17,PRESENT,ATTENTIVE,attentive Eyes,ATTENTIVE,9.17,8.7,0.7
2026-01-31 20:21:18,PRESENT,ATTENTIVE,attentive Eyes,ATTENTIVE,10.2,8.7,0.7
2026-01-31 20:21:19,PRESENT,ATTENTIVE,attentive Eyes,ATTENTIVE,11.21,8.7,0.7
2026-01-31 20:21:20,PRESENT,ATTENTIVE,attentive Eyes,ATTENTIVE,12.22,8.7,0.7
2026-01-31 20:21:21,PRESENT,ATTENTIVE,attentive Eyes,ATTENTIVE,13.25,8.7,0.7
2026-01-31 20:21:22,PRESENT,ATTENTIVE,attentive Eyes,ATTENTIVE,14.26,8.7,0.7
2026-01-31 20:21:23,PRESENT,ATTENTIVE,attentive Eyes,ATTENTIVE,15.28,8.7,0.7
2026-01-31 20:21:24,PRESENT,ATTENTIVE,attentive Eyes,ATTENTIVE,16.28,8.7,0.7
2026-01-31 20:21:25,PRESENT,ATTENTIVE,attentive Eyes,ATTENTIVE,17.3,8.7,0.7
2026-01-31 20:21:26,PRESENT,ATTENTIVE,attentive Eyes,ATTENTIVE,18.31,8.7,0.7
2026-01-31 20:21:27,PRESENT,ATTENTIVE,attentive Eyes,ATTENTIVE,19.33,8.7,0.7
2026-01-31 20:21:28,PRESENT,ATTENTIVE,attentive Eyes,ATTENTIVE,20.35,8.7,0.7
2026-01-31 20:21:29,PRESENT,ATTENTIVE,attentive Eyes,ATTENTIVE,21.36,8.7,0.7
2026-01-31 20:21:30,PRESENT,ATTENTIVE,attentive Eyes,ATTENTIVE,22.38,8.7,0.7
2026-01-31 20:21:31,PRESENT,ATTENTIVE,attentive Eyes,ATTENTIVE,23.42,8.7,0.7
2026-01-31 20:21:32,PRESENT,ATTENTIVE,attentive Eyes,ATTENTIVE,24.45,8.7,0.7
2026-01-31 20:21:33,PRESENT,ATTENTIVE,attentive Eyes,ATTENTIVE,25.47,8.7,0.7
2026-01-31 20:21:34,PRESENT,ATTENTIVE,attentive Eyes,ATTENTIVE,26.48,8.7,0.7
2026-01-31 20:21:35,PRESENT,ATTENTIVE,attentive Eyes,ATTENTIVE,27.49,8.7,0.7
2026-01-31 20:21:36,PRESENT,ATTENTIVE,attentive Eyes,ATTENTIVE,28.49,8.7,0.7
2026-01-31 20:21:37,PRESENT,ATTENTIVE,attentive Eyes,ATTENTIVE,29.51,8.7,0.7
2026-01-31 20:21:38,PRESENT,ATTENTIVE,attentive Eyes,ATTENTIVE,30.53,8.7,0.7
2026-01-31 20:21:39,PRESENT,ATTENTIVE,attentive Eyes,ATTENTIVE,31.55,8.7,0.7
2026-01-31 20:21:40,PRESENT,ATTENTIVE,attentive Eyes,ATTENTIVE,32.56,8.7,0.7
2026-01-31 20:21:41,PRESENT,ATTENTIVE,attentive Eyes,ATTENTIVE,33.44,8.83,0.7
2026-01-31 20:21:42,PRESENT,ATTENTIVE,attentive Eyes,ATTENTIVE,34.46,8.83,0.7
2026-01-31 20:21:43,PRESENT,ATTENTIVE,attentive Eyes,ATTENTIVE,35.49,8.83,0.7
2026-01-31 20:21:44,PRESENT,ATTENTIVE,attentive Eyes,ATTENTIVE,36.49,8.83,0.7
2026-01-31 20:21:45,PRESENT,ATTENTIVE,attentive Eyes,ATTENTIVE,37.5,8.83,0.7
2026-01-31 20:21:46,PRESENT,ATTENTIVE,attentive Eyes,ATTENTIVE,38.52,8.83,0.7
2026-01-31 20:21:47,PRESENT,ATTENTIVE,attentive Eyes,ATTENTIVE,39.54,8.83,0.7
2026-01-31 20:21:48,PRESENT,ATTENTIVE,attentive Eyes,ATTENTIVE,40.57,8.83,0.7
2026-01-31 20:21:49,PRESENT,ATTENTIVE,attentive Eyes,ATTENTIVE,41.6,8.83,0.7
2026-01-31 20:21:50,PRESENT,ATTENTIVE,attentive Eyes,ATTENTIVE,42.1,9.35,0.7
2026-01-31 20:21:51,PRESENT,ATTENTIVE,attentive Eyes,ATTENTIVE,43.01,9.45,0.7
2026-01-31 20:21:52,PRESENT,ATTENTIVE,attentive Eyes,ATTENTIVE,44.04,9.45,0.7
2026-01-31 20:21:53,PRESENT,ATTENTIVE,attentive Eyes,ATTENTIVE,45.06,9.45,0.7
2026-01-31 20:21:54,PRESENT,ATTENTIVE,attentive Eyes,ATTENTIVE,46.07,9.45,0.7
2026-01-31 20:21:55,PRESENT,ATTENTIVE,attentive Eyes,ATTENTIVE,47.09,9.45,0.7
2026-01-31 20:21:56,PRESENT,ATTENTIVE,attentive Eyes,ATTENTIVE,48.15,9.45,0.7
2026-01-31 20:21:57,PRESENT,ATTENTIVE,attentive Eyes,ATTENTIVE,49.17,9.45,0.7
2026-01-31 20:21:58,PRESENT,ATTENTIVE,attentive Eyes,ATTENTIVE,50.18,9.45,0.7
2026-01-31 20:21:59,PRESENT,ATTENTIVE,attentive Eyes,ATTENTIVE,51.2,9.45,0.7
2026-01-31 20:22:01,PRESENT,ATTENTIVE,attentive Eyes,ATTENTIVE,52.21,9.45,0.7
2026-01-31 20:22:02,PRESENT,ATTENTIVE,attentive Eyes,ATTENTIVE,53.23,9.45,0.7
2026-01-31 20:22:03,PRESENT,ATTENTIVE,attentive Eyes,ATTENTIVE,54.21,9.48,0.7
2026-01-31 20:22:04,PRESENT,ATTENTIVE,attentive Eyes,ATTENTIVE,55.21,9.48,0.7
2026-01-31 20:22:05,PRESENT,ATTENTIVE,attentive Eyes,ATTENTIVE,56.23,9.48,0.7
2026-01-31 20:22:06,PRESENT,ATTENTIVE,attentive Eyes,ATTENTIVE,57.23,9.48,0.7
2026-01-31 20:22:07,PRESENT,ATTENTIVE,attentive Eyes,ATTENTIVE,58.26,9.48,0.7
2026-01-31 20:22:08,PRESENT,ATTENTIVE,attentive Eyes,ATTENTIVE,59.3,9.48,0.7
